Model,Accuracy,Sensitivity,Specificity,Precision,F1_Score,False_Positives,False_Negatives
Random Forest,0.953939394,0.997792494,0.900537634,0.924335378,0.959660297,37,1
XGBoost,0.966060606,0.982339956,0.946236559,0.956989247,0.969498911,20,8
SVM,0.993939394,0.995584989,0.991935484,0.99339207,0.994487321,3,2
Neural Network,0.946666667,0.911699779,0.989247312,0.990407674,0.949425287,4,40
